event_tag,year,aid,business_interruption,contents,nonstructural,occupants,structural,business_interruption_ins,contents_ins,nonstructural_ins,occupants_ins,structural_ins
grp=01~ses=0001~rup=486-01,1,1,2.31271E+01,1.45565E+02,2.18348E+02,4.62541E-04,0.00000E+00,7.00000E-01,7.00000E-01,7.00000E-01,0.00000E+00,0.00000E+00
grp=01~ses=0001~rup=486-01,1,3,2.86483E+01,9.81650E+01,2.28432E+02,5.72967E-04,0.00000E+00,7.00000E-01,7.00000E-01,7.00000E-01,0.00000E+00,0.00000E+00
grp=01~ses=0001~rup=486-01,1,4,4.78563E+01,2.88479E+02,4.32719E+02,9.57127E-04,1.56836E+02,7.00000E-01,7.00000E-01,7.00000E-01,0.00000E+00,7.00000E-01
grp=01~ses=0001~rup=486-01,1,5,2.36174E+01,2.22989E+02,3.34484E+02,4.72348E-04,0.00000E+00,7.00000E-01,7.00000E-01,7.00000E-01,0.00000E+00,0.00000E+00
grp=01~ses=0001~rup=486-01,1,6,4.16839E+01,2.43465E+02,3.65197E+02,8.33677E-04,1.10349E+02,7.00000E-01,7.00000E-01,7.00000E-01,0.00000E+00,7.00000E-01
